{
    "groups": [
        "Commodity"
    ],
    "sd_dict": {
        "Chat": [
            NaN,
            NaN
        ],
        "Cinders": [
            -1602.5706577761066,
            17111.74494349039
        ],
        "Coal": [
            -72607569.81060553,
            103844669.10287824
        ],
        "Copper": [
            -18472831.09064336,
            23857889.438362658
        ],
        "Gas": [
            -97669769.63523915,
            137521513.38425323
        ],
        "Geothermal": [
            -16591.61769255904,
            31172.870192559043
        ],
        "Gypsum": [
            -842077.3593141106,
            1367201.9393141107
        ],
        "Hardrock": [
            NaN,
            NaN
        ],
        "Helium": [
            NaN,
            NaN
        ],
        "Limestone": [
            -733871.9503320064,
            1340514.3503320063
        ],
        "Mining-Unspecified": [
            -129001.8297592842,
            215894.59975928417
        ],
        "NGL": [
            -20041346.866449118,
            33167917.695824116
        ],
        "Oil": [
            -359203365.3615812,
            435841260.7297503
        ],
        "Oil & Gas": [
            -16375374.467045698,
            27429424.6185457
        ],
        "Oil & Gas (Non Royalty)": [
            -1845184.421432531,
            5877087.292861102
        ],
        "Phosphate": [
            -6682.846616634544,
            9085.893675458074
        ],
        "Sand & Gravel": [
            -3986661.0779456245,
            5219605.649890068
        ],
        "Silica Sand": [
            NaN,
            NaN
        ],
        "Sulfur": [
            -2.6733809511662425,
            -0.8066190488337575
        ]
    }
}