{
    "groups": [
        "Commodity",
        "Product"
    ],
    "sd_dict": {
        "('Cinders', 'Cinders')": [
            3422.6828779530924,
            12551.062836332621
        ],
        "('Coal', 'Coal')": [
            10193671.446182534,
            131824870.3561704
        ],
        "('Coal', 'Coal Waste (Sub-Econ)')": [
            79031.09,
            79031.09
        ],
        "('Coal', 'Coal-Bituminous-Raw')": [
            -4673126.370771457,
            6412696.076226003
        ],
        "('Copper', 'Clay')": [
            962.34,
            962.34
        ],
        "('Copper', 'Copper')": [
            -883637.4981408201,
            1503045.4681401101
        ],
        "('Copper', 'Copper Concentrate')": [
            -27186065.400324635,
            45416801.37175321
        ],
        "('Copper', 'Molybdenum Concentrate')": [
            -640302.7142838539,
            780467.8942838538
        ],
        "('Gas', 'Carbon Dioxide Gas (CO2)')": [
            -136.07697172227716,
            77.83697172227718
        ],
        "('Gas', 'Coal Bed Methane')": [
            -73921907.24126355,
            154892421.9540636
        ],
        "('Gas', 'Flash Gas')": [
            -371.040422831609,
            286.30442283160903
        ],
        "('Gas', 'Fuel Gas')": [
            -1429480.78333619,
            2041842.0147647616
        ],
        "('Gas', 'Gas Hydrate')": [
            0.12,
            0.12
        ],
        "('Gas', 'Gas Lost - Flared or Vented')": [
            -157474.16710634902,
            336671.26210634905
        ],
        "('Gas', 'Helium')": [
            -716085.6315535794,
            1241107.9737758017
        ],
        "('Gas', 'Processed (Residue) Gas')": [
            -22220431.255572796,
            40950323.76783086
        ],
        "('Gas', 'Unprocessed (Wet) Gas')": [
            -141340872.65631604,
            238582338.89050955
        ],
        "('Geothermal', 'Geothermal - Electrical Generation, Kilowatt Hours')": [
            -38697.89066266586,
            55084.21351980872
        ],
        "('Gypsum', 'Gypsum')": [
            -130448.57458346151,
            1448640.2120834612
        ],
        "('Helium', 'Helium')": [
            -75096.22694933249,
            195700.6669493325
        ],
        "('NGL', 'Gas Plant Products')": [
            -19321228.62999265,
            32504135.88354104
        ],
        "('Oil', 'Condensate')": [
            -6836915.949220913,
            12220757.689866073
        ],
        "('Oil', 'Drip or Scrubber Condensate')": [
            -649670.2178300412,
            1054633.0678300413
        ],
        "('Oil', 'Fuel Oil')": [
            684.91,
            684.91
        ],
        "('Oil', 'Indian Oil- Asphaltic')": [
            -29006443.319008686,
            58001109.47500869
        ],
        "('Oil', 'Indian Oil- Black Wax')": [
            -13156240.344415586,
            60904641.20841558
        ],
        "('Oil', 'Indian Oil- Sour')": [
            -8354332.586063615,
            10984592.130063612
        ],
        "('Oil', 'Indian Oil- Sweet')": [
            -641132292.5499845,
            1115151014.2719848
        ],
        "('Oil', 'Indian Oil- Yellow Wax')": [
            -13645601.056156058,
            50275771.07215606
        ],
        "('Oil', 'Inlet Scrubber')": [
            -340357.29028187273,
            497501.3022818727
        ],
        "('Oil', 'Oil')": [
            -508810170.92957366,
            676417367.2206081
        ],
        "('Oil', 'Oil Lost')": [
            -8925.205033827424,
            15900.065033827424
        ],
        "('Oil', 'Other Liquid Hydrocarbons')": [
            -89888.88842256613,
            139355.54660438432
        ],
        "('Oil & Gas', 'Condensate')": [
            37521.86,
            37521.86
        ],
        "('Oil & Gas', 'Gas Plant Products')": [
            28774.1,
            28774.1
        ],
        "('Oil & Gas', 'Oil')": [
            -136048.61,
            -136048.61
        ],
        "('Oil & Gas', 'Processed (Residue) Gas')": [
            51015.64,
            51015.64
        ],
        "('Oil & Gas', 'Unprocessed (Wet) Gas')": [
            -25040.61,
            -25040.61
        ],
        "('Phosphate', 'Ferro Phosphorous Slag')": [
            -20987.346322412377,
            39039.14632241237
        ],
        "('Sand & Gravel', 'Borrow Sand & Gravel')": [
            270355.42,
            270355.42
        ],
        "('Sand & Gravel', 'Sand & Gravel')": [
            2782.5,
            2782.5
        ],
        "('Sand & Gravel', 'Sand/Gravel')": [
            -3778937.7265236606,
            8500201.822773661
        ],
        "('Sand & Gravel', 'Sand/Gravel-Cubic Yards')": [
            -1307109.4996393085,
            1705726.2171393083
        ],
        "('Sulfur', 'Sulfur')": [
            -2.6733809511662425,
            -0.8066190488337575
        ]
    }
}