{
    "groups": [
        "State",
        "Fund Type"
    ],
    "sd_dict": {
        "('AK', 'State')": [
            -7693260.710216414,
            43128776.28271641
        ],
        "('AK', 'State 8(g)')": [
            -8226329.235487421,
            19944073.51298742
        ],
        "('AL', 'State')": [
            -3054967.3724490358,
            6471391.178699036
        ],
        "('AL', 'State - GoMESA')": [
            -10763067.12006375,
            13298364.47806375
        ],
        "('AL', 'State 8(g)')": [
            -8838299.322820896,
            25139015.6065709
        ],
        "('AR', 'State')": [
            -6314655.223494088,
            14027864.395994088
        ],
        "('AZ', 'State')": [
            -182941.36376728804,
            310187.5415450658
        ],
        "('CA', 'State')": [
            -56850398.41048701,
            72796438.63817932
        ],
        "('CA', 'State 8(g)')": [
            -3453904.3482939033,
            14436895.684543904
        ],
        "('CO', 'State')": [
            -137494738.613383,
            282920741.2662401
        ],
        "('FL', 'State')": [
            -484026.7236905976,
            924774.7999405975
        ],
        "('FL', 'State 8(g)')": [
            -606.3053308734295,
            3061.5353308734293
        ],
        "('ID', 'State')": [
            -4147111.523111445,
            5561188.541948655
        ],
        "('IL', 'State')": [
            -48502.093276322266,
            401199.55577632214
        ],
        "('IN', 'State')": [
            -6506.113087002372,
            15917.391837002373
        ],
        "('KS', 'State')": [
            -469240.65645276126,
            3398034.870202761
        ],
        "('KY', 'State')": [
            -354631.6493611568,
            881482.7143611568
        ],
        "('LA', 'State')": [
            -9578459.306980982,
            15915293.808230981
        ],
        "('LA', 'State - GoMESA')": [
            -13642214.349297563,
            14589847.672997562
        ],
        "('LA', 'State 8(g)')": [
            -11153504.59908089,
            56261847.01783088
        ],
        "('MA', 'State 8(g)')": [
            23835.06,
            23835.06
        ],
        "('MI', 'State')": [
            -444434.45270688547,
            1303504.9552068852
        ],
        "('MN', 'State')": [
            3396.141750662022,
            23947.240749337972
        ],
        "('MO', 'State')": [
            -1162279.264671552,
            5883091.029671552
        ],
        "('MS', 'State')": [
            -539465.2606416394,
            2498707.3881416395
        ],
        "('MS', 'State - GoMESA')": [
            -9803161.49725616,
            11699441.45725616
        ],
        "('MS', 'State 8(g)')": [
            -477562.2250490679,
            1173269.0462990678
        ],
        "('MT', 'State')": [
            10512440.794148121,
            61866999.162101895
        ],
        "('NC', 'State')": [
            -18.66682276459555,
            246.5834894312622
        ],
        "('ND', 'State')": [
            -37200805.40746015,
            112424069.04121014
        ],
        "('NE', 'State')": [
            -75516.80196438036,
            140640.12071438035
        ],
        "('NM', 'State')": [
            -538326417.8632694,
            906764337.9076596
        ],
        "('NV', 'State')": [
            -7235211.315099376,
            9058018.327099375
        ],
        "('OH', 'State')": [
            -616039.0075525956,
            1519259.9025525956
        ],
        "('OK', 'State')": [
            5964.08381052874,
            9848769.52243947
        ],
        "('OR', 'State')": [
            -404998.75355686096,
            625168.9042235276
        ],
        "('PA', 'State')": [
            -28840.85051152378,
            125822.73176152378
        ],
        "('RI', 'State 8(g)')": [
            -1971.1965813071943,
            3331.9965813071944
        ],
        "('SC', 'State')": [
            -961.7356994423019,
            2308.329985156588
        ],
        "('SD', 'State')": [
            -406395.6136487414,
            2158917.2098987415
        ],
        "('TN', 'State')": [
            99.0,
            99.0
        ],
        "('TX', 'State')": [
            -6268112.2436093185,
            21920816.77235932
        ],
        "('TX', 'State - GoMESA')": [
            -8541872.44504764,
            9117962.879889745
        ],
        "('TX', 'State 8(g)')": [
            -11749670.153440213,
            24474991.153440207
        ],
        "('UT', 'State')": [
            -138821369.39051107,
            198849202.56238607
        ],
        "('VA', 'State')": [
            -187053.59225466513,
            397483.64025466517
        ],
        "('WA', 'State')": [
            -779419.6245694179,
            1112660.1420694178
        ],
        "('WI', 'State')": [
            NaN,
            NaN
        ],
        "('WV', 'State')": [
            -225524.14171403472,
            979744.3342140346
        ],
        "('WY', 'State')": [
            213104692.93439198,
            1500973738.1581082
        ]
    }
}