{
    "groups": [
        "Commodity",
        "Revenue Type"
    ],
    "sd_dict": {
        "('Asphalt', 'Other Revenues')": [
            -14132.512992020052,
            21463.59799202005
        ],
        "('Asphalt', 'Rents')": [
            -2188.1827355595315,
            1708.6827355595315
        ],
        "('Clay', 'Other Revenues')": [
            -2268.7003740022096,
            2571.3720981401407
        ],
        "('Clay', 'Rents')": [
            -1774.172270442702,
            1666.172270442702
        ],
        "('Coal', 'Bonus')": [
            -116702623.12824151,
            170605481.6829702
        ],
        "('Coal', 'Other Revenues')": [
            -5322430.397563849,
            6325563.888655553
        ],
        "('Coal', 'Rents')": [
            -162112.4309791736,
            290746.44809781766
        ],
        "('Coal', 'Royalties')": [
            -46150784.08543855,
            107317599.83083564
        ],
        "('Copper', 'Other Revenues')": [
            -497398.39750803466,
            776459.5055395307
        ],
        "('Copper', 'Rents')": [
            -228711.38501996576,
            283543.72655888885
        ],
        "('Garnet', 'Other Revenues')": [
            -47.84609690826528,
            367.8460969082653
        ],
        "('Garnet', 'Rents')": [
            -10.0,
            110.0
        ],
        "('Gas', 'Bonus')": [
            41.71201425365149,
            325.0779857463485
        ],
        "('Gas', 'Other Revenues')": [
            -262517.70729558915,
            299212.41987043945
        ],
        "('Gas', 'Rents')": [
            -245.0413762738411,
            133.2313762738411
        ],
        "('Gas', 'Royalties')": [
            -129049418.02590472,
            238567545.47665906
        ],
        "('Gemstones', 'Other Revenues')": [
            23.57,
            23.57
        ],
        "('Gemstones', 'Rents')": [
            240.0,
            240.0
        ],
        "('Geothermal', 'Bonus')": [
            -11709859.894375248,
            14540271.180089535
        ],
        "('Geothermal', 'Other Revenues')": [
            -138281.20898694155,
            191820.5358051234
        ],
        "('Geothermal', 'Rents')": [
            -322505.59992333036,
            673032.2923320894
        ],
        "('Gilsonite', 'Bonus')": [
            1500.0,
            1500.0
        ],
        "('Gilsonite', 'Other Revenues')": [
            -8221.322877323215,
            10636.805867977419
        ],
        "('Gilsonite', 'Rents')": [
            -2673.135809293723,
            2727.2654389233526
        ],
        "('Gold', 'Other Revenues')": [
            1953.0,
            1953.0
        ],
        "('Gold', 'Rents')": [
            651.0,
            651.0
        ],
        "('Gypsum', 'Other Revenues')": [
            -334034.1969350634,
            342293.7353071564
        ],
        "('Gypsum', 'Rents')": [
            -940.2794256038599,
            2208.057203381638
        ],
        "('Hardrock', 'Bonus')": [
            -1781.0148237561207,
            2958.0148237561207
        ],
        "('Hardrock', 'Other Revenues')": [
            -51248.532797821375,
            66184.60817095242
        ],
        "('Hardrock', 'Rents')": [
            -149351.51488551192,
            150107.21082536122
        ],
        "('Hardrock', 'Royalties')": [
            3.28,
            3.28
        ],
        "('Hot Springs', 'Rents')": [
            -66.61017305526642,
            94.61017305526642
        ],
        "('Limestone', 'Other Revenues')": [
            -277908.0072767242,
            332234.1672767241
        ],
        "('Limestone', 'Rents')": [
            40.0,
            40.0
        ],
        "('Mining-Unspecified', 'Other Revenues')": [
            -2449.489742783178,
            2449.489742783178
        ],
        "('Mining-Unspecified', 'Rents')": [
            -5418.1761227587795,
            10328.60812275878
        ],
        "('Mining-Unspecified', 'Royalties')": [
            -7866.938575749475,
            29550.367147178047
        ],
        "('NGL', 'Other Revenues')": [
            -207743.98493530657,
            214968.35544812705
        ],
        "('NGL', 'Royalties')": [
            -18608552.637833126,
            40524795.66255329
        ],
        "('Oil', 'Bonus')": [
            -1815.1698789920463,
            1815.1698789920463
        ],
        "('Oil', 'Other Revenues')": [
            -17480223.817721516,
            18761531.14526643
        ],
        "('Oil', 'Rents')": [
            -228.0444355125951,
            178.87776884592841
        ],
        "('Oil', 'Royalties')": [
            -320547345.2677515,
            641709962.1877515
        ],
        "('Oil & Gas', 'Bonus')": [
            -770379628.7203931,
            964680268.902774
        ],
        "('Oil & Gas', 'Inspection Fees')": [
            30500.0,
            30500.0
        ],
        "('Oil & Gas', 'Other Revenues')": [
            -18923946.614123378,
            22479974.951587494
        ],
        "('Oil & Gas', 'Rents')": [
            -22110013.307927616,
            35187682.79050668
        ],
        "('Oil & Gas', 'Royalties')": [
            -1349.8793690134326,
            1078.203813457877
        ],
        "('Oil Shale', 'Other Revenues')": [
            -1641317.650946367,
            1666317.650946367
        ],
        "('Oil Shale', 'Rents')": [
            -81530.86218414971,
            82566.36218414971
        ],
        "('Other Products', 'Bonus')": [
            4589716.0,
            4589716.0
        ],
        "('Other Products', 'Other Revenues')": [
            -157771.11769479772,
            176943.6640584341
        ],
        "('Other Products', 'Rents')": [
            -295123.34699912334,
            491254.34699912334
        ],
        "('Other Products', 'Royalties')": [
            -13918480.70245687,
            22934678.287305497
        ],
        "('Phosphate', 'Bonus')": [
            -864589.7640598608,
            1348436.8326312895
        ],
        "('Phosphate', 'Other Revenues')": [
            -22839.406214756367,
            45995.809658464976
        ],
        "('Phosphate', 'Rents')": [
            -14562.672268280721,
            14788.076241790654
        ],
        "('Potassium', 'Bonus')": [
            -15458943.109063596,
            20440048.805063598
        ],
        "('Potassium', 'Other Revenues')": [
            -592188.7317039226,
            688971.4529766545
        ],
        "('Potassium', 'Rents')": [
            -306954.1398072679,
            319422.26026181335
        ],
        "('Quartz', 'Rents')": [
            -40.0,
            -40.0
        ],
        "('Sand & Gravel', 'Other Revenues')": [
            -391287.3093012441,
            443516.0138466987
        ],
        "('Sand & Gravel', 'Rents')": [
            -181824.69193491535,
            221431.32295532353
        ],
        "('Silica Sand', 'Other Revenues')": [
            15000.0,
            15000.0
        ],
        "('Sodium', 'Bonus')": [
            -743039.8825655344,
            1095713.310257842
        ],
        "('Sodium', 'Other Revenues')": [
            -259304.36501822853,
            295463.560465383
        ],
        "('Sodium', 'Rents')": [
            -109429.77412432455,
            107057.6682657387
        ],
        "('Sulfur', 'Other Revenues')": [
            -12899.154892253617,
            24411.795944885198
        ],
        "('Tar Sands', 'Other Revenues')": [
            72.85,
            72.85
        ],
        "('Tar Sands', 'Rents')": [
            -1583.564052235467,
            14040.6773855688
        ],
        "('Wind', 'Bonus')": [
            -320989964.6774635,
            405226842.58655435
        ],
        "('Wind', 'Other Revenues')": [
            -8086.160426625687,
            11934.200426625688
        ],