{
    "groups": [
        "Commodity"
    ],
    "sd_dict": {
        "Coal Prod Vol (ton)": [
            -31596802.14262197,
            66350921.44337984
        ],
        "Gas Prod Vol (mcf)": [
            -194287369.27883062,
            502825436.1639794
        ],
        "Oil Prod Vol (bbl)": [
            -35782517.023709275,
            77050385.9023059
        ]
    }
}